model,lang_pair,n_paired,mean_drift_generic,mean_drift_localized,wilcoxon_p
gemma2_9b,en→te,15,0.27,0.262,0.9341
gemma2_9b,en→ta,20,0.265,0.269,0.5706
gemma2_9b,en→kn,9,0.327,0.287,0.0117
gemma3_12b,en→te,20,0.306,0.34,0.0136
gemma3_12b,en→ta,20,0.309,0.338,0.0296
gemma3_12b,en→kn,18,0.332,0.32,0.2837
llama-3.1-nemotron-70b-instruct,en→te,4,0.331,0.299,0.625
llama-3.1-nemotron-70b-instruct,en→ta,6,0.325,0.322,1.0
llama-3.1-nemotron-70b-instruct,en→kn,4,0.337,0.317,0.375
llama31_8b,en→te,10,0.372,0.349,0.2754
llama31_8b,en→ta,11,0.364,0.388,0.2783
llama31_8b,en→kn,17,0.377,0.376,0.8536
qwen3_8b,en→te,12,0.338,0.326,0.5693
qwen3_8b,en→ta,11,0.312,0.352,0.042
qwen3_8b,en→kn,14,0.371,0.364,0.583
sarvam_m,en→te,20,0.253,0.269,0.7841
sarvam_m,en→ta,20,0.257,0.252,0.7012
sarvam_m,en→kn,20,0.28,0.28,0.7795
