model,lang,n_paired,mean_generic,mean_localized,wilcoxon_p
sarvam_m,te,20,2.35,3.2,0.002
sarvam_m,ta,20,3.0,2.8,0.1025
sarvam_m,kn,20,2.95,2.95,1.0
gemma2_9b,te,15,2.6,3.07,0.167
gemma2_9b,ta,20,2.65,2.55,0.7777
gemma2_9b,kn,9,3.56,3.44,1.0
gemma3_12b,te,20,2.5,2.85,0.2024
gemma3_12b,ta,20,2.75,2.65,0.6234
gemma3_12b,kn,18,2.94,2.61,0.1067
qwen3_8b,te,12,2.42,2.67,0.75
qwen3_8b,ta,10,2.7,2.2,0.4531
qwen3_8b,kn,14,2.14,2.43,0.6419
llama31_8b,te,10,3.2,3.3,0.707
llama31_8b,ta,11,3.27,3.18,1.0
llama31_8b,kn,17,3.0,3.0,0.9038
llama-3.1-nemotron-70b-instruct,te,4,2.5,3.0,0.75
llama-3.1-nemotron-70b-instruct,ta,6,2.83,2.0,0.5
llama-3.1-nemotron-70b-instruct,kn,4,3.25,2.5,1.0
