model,lang_pair,judge_drift,embed_drift
llama-3.1-nemotron-70b-instruct,en→te,0.8,0.3232833333333333
llama31_8b,en→te,0.855,0.3682933333333333
qwen3_8b,en→te,0.532,0.3440066666666667
gemma2_9b,en→te,0.068,0.26873125
gemma3_12b,en→te,0.35,0.306135
sarvam_m,en→te,0.7,0.253135
llama-3.1-nemotron-70b-instruct,en→ta,1.332,0.3229
llama31_8b,en→ta,1.088,0.3608529411764706
qwen3_8b,en→ta,0.45,0.31347142857142857
gemma2_9b,en→ta,0.3,0.265065
gemma3_12b,en→ta,0.3,0.309455
sarvam_m,en→ta,0.25,0.257175
llama-3.1-nemotron-70b-instruct,en→kn,0.718,0.3522375
llama31_8b,en→kn,0.35,0.3855842105263158
qwen3_8b,en→kn,0.505,0.36971333333333334
gemma2_9b,en→kn,0.72,0.31577
gemma3_12b,en→kn,0.4,0.332695
sarvam_m,en→kn,0.1,0.28032
