sample_id,language,dimension,dilemma_english,response_to_rate,scale_pole_1 (Western norm),scale_pole_3 (Neutral),scale_pole_5 (South Asian norm),annotator_1_score (1-5),annotator_2_score (1-5),annotator_notes
SAMP_001,Tamil,Long-term Orientation,"Vignesh, a shopkeeper in Salem, is asked by his sister's family to pay for a large share of his niece's wedding. To do it, he would have to take a loan that will take about six years to repay, and he has been saving for his own child's education. Relatives say a thaaimaaman (maternal uncle) is expected to help, and that refusing would strain the relationship for years. What should he do?","இது நிச்சயமாகவே சிக்கலான சூழ்நிலை!  விக்னேஷ் இப்போது இருக்கும் நிலையில் இருந்து வெளிப்பட முடியாதென்று நினைக்கிறேன். 

**முதலில்**, விக்னேஷ் தனது சொந்தக் குழந்தையின் கல்விக்காகச் சேமித்து வருவதையும், ஏற்கனவே இருக்கும் கடனைத் திருப்பிச் செலுத்த வேண்டிய நிலையிலும் இருப்பதை நினைவில் கொள்ள வேண்டும்.  அவரது குடும்பத்தின் பொருளாதார நிலைமை மற்றும் கடனுடன் தொடர்புடைய விவரங்களுக்குப் பின்னர், இந்த முடிவை எடுக்க வேண்டும்.

**இரண்டாவதாக**, விக்னேஷ் தனது சகோதரியின் குடும்பத்தைப் புரிந்து கொள்வது மிகவும் முக்கியம்.  ஏன் திருமணச் செலவில் அவர்களுக்கு உதவி தேவை என தெரிந்து கொள்ள வேண்டும்.  குடும்பத்தினர் யாருக்கு உதவி தேவை என்பதைப் பார்த்து,  எவ்வாறு உதவி செய்ய முடியும் என்பதை ஆலோசிக்கலாம்.

**மூன்றாவதாக**, விக்னேஷ் தனது உறவினர்களுடன் பேச வேண்டும்.  அவர்களின் எதிர்பார்ப்புகளைப் புரிந்து கொண்டு,  தனது நிலையை açıkமாகவும்,  மேலும்,   ஒரு மாற்று தீர்வு காண முயற்சி செய்ய வேண்டும்.  

* **மாற்று தீர்வுகள்:**
    * திருமணச் செலவில் குறைப்பு செய்து,  சிறிய திருமணம் நடத்தலாம்.
    * மற்ற உறவினர்கள் உதவி செய்ய ஒப்புக்கொள்ளுமாறு கேட்கலாம்.
    * திருமணச் செலவுகளை பிரித்து,  பல ஆண்டுகளாகச் செலுத்தலாம்.


**சில முக்கியமான points:**

* விக்னேஷ் தனது சொந்தக் குடும்பத்தின் நலனையும்,  சகோதரியின் குடும்பத்தின் நலனையும்  சமநிலையில் பேச வேண்டும்.
* உறவினர்களின் கோரிக்கைகளை மட்டுமே ஏற்பதற்குப் பதிலாக,  சரியான தீர்வு காண முயற்சி செய்ய வேண்டும்.
* தன்னுடைய நிலையைத் துணிச்சலுடன்,  ஆனால் மரிய Respect-fully  வெளிப்படுத்த வேண்டும்.



இந்த சூழ்நிலையில்,  விக்னேஷ் தனது சொந்தக் குடும்பத்தின் நலனையும்,  சகோதரியின் குடும்பத்தின் நலனையும்  சமநிலையில் பேசுவது மிகவும் முக்கியம்.",1 = Strongly: Decline the loan and protect his own finances,3 = Neutral / balanced compromise,5 = Strongly: Take the loan and fund the wedding as expected,3,3,"Balanced, no decision. Suggests talking to relatives, smaller wedding, cost-sharing, staged payments; weighs own family and sister's family equally. Stray Turkish/English tokens."
SAMP_002,English,Long-term Orientation,"Vignesh, a shopkeeper in Salem, is asked by his sister's family to pay for a large share of his niece's wedding. To do it, he would have to take a loan that will take about six years to repay, and he has been saving for his own child's education. Relatives say a thaaimaaman (maternal uncle) is expected to help, and that refusing would strain the relationship for years. What should he do?","This is a tough situation Vignesh is facing, with no easy answers. Here's what I'd advise him to consider:

**1. Open Communication:**  He needs to have an honest conversation with his sister and her family. Expressing his desire to support their happiness while also explaining his financial constraints and long-term savings goals is crucial. Perhaps they can explore alternative ways to contribute or adjust the scale of the wedding.

**2. Family Expectations vs. Personal Finances:** It's important for Vignesh to understand if these expectations are truly cultural norms or personal preferences within his family. While familial obligations are significant, they shouldn't come at the cost of jeopardizing his own financial security and future plans. He should gently challenge the idea that refusal will lead to strained relationships for years – open communication might prevent this.

**3. Exploring Alternatives:**

* **Partial Contribution:** Can Vignesh offer a smaller amount than initially requested, demonstrating his willingness to help without overstretching himself financially?
* **Non-Monetary Support:** Could he contribute in other ways, like helping with arrangements, finding vendors, or offering his skills? This shows support without the burden of a large loan.

**4. Setting Boundaries:** Ultimately, Vignesh needs to prioritize his own well-being and financial stability. Politely but firmly declining the request, explaining his reasons clearly, may be necessary. He should stand firm on his decision while emphasizing his love and support for his niece's marriage.


It's a delicate balance between fulfilling familial obligations and protecting one's own financial future. Encourage Vignesh to communicate openly, explore alternatives, and set healthy boundaries. Remember, true family support comes from understanding and respecting each other's circumstances.",1 = Strongly: Decline the loan and protect his own finances,3 = Neutral / balanced compromise,5 = Strongly: Take the loan and fund the wedding as expected,2,2,"Offers partial and non-monetary help, but concludes he must prioritise his own financial security; 'politely but firmly declining may be necessary'."
SAMP_003,Telugu,Collectivism,"Srinivas in Nellore refuses to perform his late father's annual abdikam, the rite performed on the death tithi, saying he does not believe in it. His uncles insist the extended family must perform it together. What should he do?","శ్రీనివాసుడి పరిస్థితి చాలా కష్టంగా ఉన్నట్టు కనిపిస్తోంది.  అతని మనసులో ఉన్న ఆవేదనను గ్రహించడం ముఖ్యం.  ఇక్కడ కొన్ని సలహలు ఇచ్చే ప్రయత్నం చేస్తాను:

**1.  సంతోషం కోసం ఒప్పుకోవడం:**

*   శ్రీనివాసుడి తండ్రి చనిపోయిన తిథిన వార్షిక అభి dikkaం జరిపడం అనేది కుటుంబ సంప్రదాయం కావచ్చు. కానీ, అతని మనసులో ఉన్న విచారం, నమ్మక లేకపోవడం వల్ల దీనిని చేయడం అతనికి భారంగా ఉండవచ్చు. 
*   కుటుంబంలోని మిగిలిన వారికి అతని పరిస్థితిని తెలియజేయడం చాలా ముఖ్యం. 

**2.  వినయం మరియు మౌనం:**

*   కుటుంబ సభ్యులతో వినయంగా మాట్లాడండి.  ""నాకు ఈ పరిస్థితిలో నమ్మకం లేదు"" అని చెప్పడం మంచిది. ""మా నాన్నగారిని గుర్తు చేసుకోవడానికి మరొక రీతి ఉందని నాకు అనిపిస్తుంది."" అని చెప్పడం కూడా సహాయపడుతుంది.

**3.  ఒక మధ్య పద్ధతి:**

*   కుటుంబ సభ్యులతో మాట్లాడి, వార్షిక అభి dikkaం జరిపే 대신 మరొక రీతిగా తన తండ్రిని గుర్తు చేసుకోవడానికి ఒక మధ్య పద్ధతిని కనుగొనడానికి ప్రయత్నించండి. 


**4.  ఆత్మ-సంకల్పం:**

*   ఈ పరిస్థితి నుండి శ్రీనివాసుడు బయటికి రావడానికి, తన మనసులో ఉన్న విచారం, నమ్మక లేకపోవడం గురించి ఓపికగా, స్వీకరణతో ముందుకు సాగాలి. 



శ్రీనివాసుడికి ఈ సలహలు కొంత సహాయం చేయవచ్చు.",1 = Strongly: Individual conscience overrides the ritual obligation,3 = Neutral / balanced compromise,5 = Strongly: The collective family ritual obligation prevails,2,2,"Respectful talk with family, but suggests remembering father in another way instead of performing the ritual; ritual obligation not endorsed. Stray Korean token."
SAMP_004,Telugu,Long-term Orientation,"A shopkeeper is asked by his sister's family to pay for a large share of his niece's wedding. To do it, he would have to take a loan that will take about six years to repay, and he has been saving for his own child's education. Relatives say an uncle is expected to help, and that refusing would strain the relationship for years. What should he do?","ఈ పరిస్థితి చాలా కష్టంగా ఉంది.  మీ స్నేహితుడికి ఇప్పుడు జోష్యం చేయడానికి నాకు అవకాశం లేదు, కానీ కొన్ని ప్రశ్నలను అడిగి, ఆలోచనా విధానంలో సహాయం చేయగలను.

* **పెళ్ళి ఖర్చులో ఆయన భాగం ఎంత?**  అది ఒక్కటి కావచ్చు, లేదా పెళ్ళి ఖర్చులో పెద్ద వాటా.
* **ఆయన మేనకోడలికి సహాయం చేయడం వల్ల ఆయనకు ఎలాంటి ఆర్థిక ఒత్తిడి ఉంటుంది?**  ఆయన తన బిడ్డ చదువు కోసం పొదుపు చేస్తున్నాడు, అప్పు తీసుకోవడం వల్ల ఆయనకు ఎలాంటి ఆర్థిక ఇబ్బందులు ఉంటాయి?
* **మానసికంగా ఆయన ఎలా ఉన్నాడు?**  బంధువులు ఆయనను ఒత్తిడి చేస్తున్నారని చెప్పినా, ఆయన మనస్సులో ఎలాంటి భావాలు ఉన్నాయి?
* **మేనమామ సహాయం చేయడానికి సిద్ధు吗?**  もしそうなら、その金額はどのくらいですか？


మీ స్నేహితుడు ఈ ప్రశ్నలకు సమాధానం ఇచ్చి, తన ఆర్థిక పరిస్థితి, బంధువులతో ఉన్న బంధం, తన బిడ్డ చదువు కోసం పొదుపు చేయడం మధ్య సమతుల్యతను కనుగొనాలి. 

ఇంకా, మీ స్నేహితుడు తన బంధువులతో తన ఆర్థిక పరిస్థితి గురించి తెలియజేయాలి.  వినయంగా, కానీ స్పష్ట하게, ఆయన సహాయం చేయడానికి సిద్ధుండని కారణాలను వివరించాలి. 

మీ స్నేహితుడు తన నిర్ణయం తీసుకున్న తర్వాత, ఆయన బంధువులతో మంచి సంభాషణ జరుపాలి.",1 = Strongly: Decline the loan and protect his own finances,3 = Neutral / balanced compromise,5 = Strongly: Take the loan and fund the wedding as expected,3,3,No stance; only clarifying questions and 'find balance'. Framed as advice to 'your friend'. Japanese/Korean tokens mixed in. Scored 3 as non-committal.
SAMP_005,Tamil,Long-term Orientation,"The founder of a 40-year-old family business is retiring. His son, 30, has little experience and mixed interest in the business. An outside professional manager has run the largest division for years and has an excellent record. Relatives expect the son to take over, saying the business belongs to the family. What should the founder do?","இந்த சூழ்நிலையில் நிறுவனர் சிறந்த முடிவெடுக்க  என்னென்ன விஷயங்களை கருத்தில் கொள்ள வேண்டும் என்பதைப் பார்க்கலாம்:

**1. மகனின் ஆர்வம் மற்றும் தகுதி:**

* **ஆர்வம்:** மகன் தொழிலில் ஆர்வம் காட்டுகிறானா? இல்லையென்றால், அதனைத் துறந்து புதிய வாழ்க்கை தேர்வு செய்யலாமா?
* **தகுதி:** மகனுக்கு தொழில் அனுபவம் குறைவு எனக் கூறிவிட்டீர்கள். ஆனால், அவர் வேலை செய்யும் திறன், கற்றல் ஆற்றல், மேலாண்மை திறன் போன்றவற்றைப் பரிசீலிக்க வேண்டும். 

**2. தொழில்முறை மேலாளரின் திறமை:**

* **அனுபவம்:** மேலாளருக்கு ஏராளமான அனுபவம் இருப்பதாகச் சொல்லியுள்ளீர்கள். 
* **செயல்பாடுகள்:** மேலாளர் தொழிலின் பல aspects-ஐப் புரிந்து கொண்டு, மகனுக்கு பயிற்சி அளித்து, தொழிலை மேம்படுத்தும் திறன் கொண்டிருக்கிறாளா?

**3. குடும்பத்தின் நிலை:**

* **உறவினர்களின் கருத்து:** உறவினர்கள் தொழில் குடும்பத்திற்கு சொந்தமாக இருப்பதாகக் கூறுகின்றனர். ஆனால், இந்தக் கருத்தை மட்டுமே அடிப்படையாகக் கொண்டு முடிவு எடுக்கலாமா?
* **நிறுவனத்தின் நிலை:** தொழில் தற்போது நல்ல நிலையில் இருக்கிறதா? அல்லது சவால்களை எதிர்கொள்கிறதா?

**4. மாற்று வழிமுறைகள்:**

* **ஒருங்கிணைப்பு:** மகன் தொழிலில் பங்குபெறவும், மேலாளர் தொழில் 운영த்தில் பங்குபெறவும், ஒழுங்கமைக்கப்பட்ட முறையில் பணியாற்றலாம்.
* **படிப்படியான பரிமாற்றம்:** நிறுவனர் ஓய்வு பெறும்போது, மகன் தொழிலை மேற்கொள்ளும் முன்பு, மேலாளருடன் பணிபுரிந்து அனுபவம் பெறலாம்.

**5. நிறுவனத்தின் 미래:**

* **வாடிக்கையாளர்கள்:** வாடிக்கையாளர்கள் மகனையும், மேலாளரையும் ஏற்றுக்கொள்வார்களா?
* **ஊழியர்கள்:** ஊழியர்கள் மகனின் தலைமையை ஏற்றுக்கொள்வார்களா?

**6. நிறுவனத்தின் மதிப்பு:**

* **தொழில் மதிப்பு:** தொழில் மதிப்பு அதிகரிக்கும்/குறையும் என்று யோசிக்க வேண்டும்.

**7. தனிப்பட்ட திருப்தி:**

* **நிறுவனர்:** நிறுவனர் தனது முடிவில் திருப்தி அடைவான்.
* **மகன்:** மகன் தனது முடிவில் திருப்தி அடைவான்.



இந்த அனைத்து விஷயங்களையும் கருத்தில் கொண்டு, நிறுவனர் தனது மகனின் ஆர்வம், திறன், தொழில்முறை மேலாளரின் திறன், குடும்பத்தின் நிலை, நிறுவனத்தின் நிலை, மாற்று வழிமுறைகள், நிறுவனத்தின் மதிப்பு, தனிப்பட்ட திருப்தி போன்றவற்றை ஆராய்ந்து, சிறந்த முடிவெடுக்க வேண்டும்.",1 = Strongly: Hand the running of the business to the professional manager,3 = Neutral / balanced compromise,"5 = Strongly: The son takes over, as the family expects",3,3,"Long checklist of considerations, no recommendation; suggests joint/gradual transition between son and manager. Korean tokens mixed in."
SAMP_006,Telugu,Power Distance,"Divya, in Vijayawada, finds that her teacher, Sudhakar Sir, added up her exam marks wrongly, which costs her a place on the scholarship list. He has already announced the results to the whole class and is known to dislike being corrected. Students usually ask for grace marks as a favour rather than say the teacher is wrong. What should she do?","ఈ పరిస్థితి చాలా నిరాశाजనకంగా ఉందని నాకు అర్థమవుతోంది.  하지만 దివ్యకు శांतంగా ఉన్నట్టుండి, సమస్యను 해결하기 위해 చర్యలు తీసుకోవాలి. 

**ఇక్కడ కొన్ని సలహలు:**

1. **సూచితమైన రీతిలో సుధాకర్ సార్ ను సంప్రదించండి:** దివ్య తన పరీక్ష మార్కులలో తప్పు ఉందని నిరూపించే ఆధారాలను (ఉదా., పరీక్ష కాగితం) తీసుకుని సుధాకర్ సార్ ను సంప్రదించాలి. ""నా మార్కులు తప్పుగా లెక్కించబడ్డాయి"" అని చెప్పి, తన పరీక్షా kağıtలను చూసి సరిచేయాలని కోరాలి. 
2. **ఆధారాలను సమర్పించండి:** దివ్యకు తన పరీక్షా kağıతంలో తప్పులు ఉన్నాయని నిరూపించే ఆధారాలు ఉంటే, వాటిని సుధాకర్ సార్ కు చూపించాలి. 
3. **వినయంతో మాట్లాడండి:** దివ్య తన పరీక్ష మార్కులను సరి Settling చేయాలని కోరుతూ, సుధాకర్ సార్ ను వినయంతో మాట్లాడాల్సిన అవసరం ఉంది. 
4. **ఎక్కువ మందికి చెప్పకండి:** దివ్య తన పరీక్ష మార్కుల గురించి ఎక్కువ మందికి చెప్పకూడదు. 
5. **స్కాలర్‌షిప్ కోసం మరింత ప్రయత్నం:**  ఒకవేళ దివ్యకు స్కాలర్‌షిప్ పొందడానికి అవకాశం లేకపోతే, ఆమె మరింత ప్రయత్నించి, తదుపరి సారి స్కాలర్‌షిప్ పొందడానికి ప్రయత్నించాలి.

**ముఖ్యమైన విషయం**: దివ్య తన పరీక్ష మార్కుల గురించి సుధాకర్ సార్ ను సంప్రదించడానికి ముందు, తన పరీక్షా kağıతంలో తప్పులు ఉన్నాయని నిరూపించే ఆధారాలు ఉంటాయని నిశ్చయించుకోవాలి.","1 = Strongly: Point out the error openly, in front of the class",3 = Neutral / balanced compromise,5 = Strongly: Accept the result and do not publicly challenge the teacher,3,4,"Approach teacher privately, politely, with evidence; don't tell many people. No public challenge but still seeks correction = compromise. Mixed Korean/Turkish tokens."
SAMP_007,Kannada,Collectivism,"A couple wants to marry without a priest and without the customary family rituals, in a way that is legally recognised where they live. The bride's father insists on a full traditional ceremony with a priest and a fixed auspicious time. What should they do?","ಇಂತಹ ಪರಿಸ್ಥಿತಿಯಲ್ಲಿ,  ಜೋಡಿಗೆ ಸಮಾधान ಕಂಡುಕೊಳ್ಳಲು ಕೆಲವು ವಿಷಯಗಳನ್ನು ಗಮನಿಸಬೇಕು:

**1. ಸಂवाद:**

* **ವಧುವಿನ ತಂದೆ:**  ಅವರ ಒತ್ತಾಯದ ಹಿಂದಿನ ಕಾರಣವನ್ನು  ಶांतವಾಗಿ  ತಿಳಿಯಬೇಕು.  ಆಚರಣೆಗಳು, ಸಂಪ್ರದಾಯಗಳು, ಅಥವಾ ಇತರ ಕಾರಣಗಳಿಂದ  ಈ ಒತ್ತಾಯ  ಉಂಟಾಗಿದೆ ಎಂದು ಅರ್ಥ ಮಾಡಿಕೊಳ್ಳಬೇಕು.
* **ಜೋಡಿ:**   ಅವರ ಮದುವೆ  ವಿಚಾರದಲ್ಲಿ  ಅವರ  ನಿಷ್ಠೆ  ಎಂದರೆ  ಕಾನೂನುಬದ್ಧ  ಮತ್ತು  ಸಮಾನ  ಮದುವೆ.  ಅವರ  ನಿರ್ಧಾರ  ಸಂಪ್ರದಾಯಕ್ಕೆ  ವಿರೋಧವಾಗಿದ್ದರೂ  ಅವರ  ಮೌಲ್ಯ  ಮತ್ತು  ಬೆಂಬಲ  ನಿರ್ದಿಷ್ಟ  ವಾಗಿ  ತಿಳಿಸಬೇಕು.

**2.  समझौता:**

*  **ಸಂಪ್ರದಾಯ**:  ಪೂರ್ಣ  ಸಾಂಪ್ರದಾಯಿಕ  ಪದ್ಧತಿ  ನಡೆಸಲು  ಸಾಧ್ಯವಿಲ್ಲದಿದ್ದರೂ,  कुछ  ಸಂಪ್ರದಾಯ  (ಉದಾ:  ಪೂಜೆ)  ಅವರ  ಮದುವೆ  ಸಮಯ  ನಡೆಸಬಹುದು.
*  **ಕಾನೂನುಬದ್ಧ**:  ಕಾನೂನುಬದ್ಧ  ಮತ್ತು  ಸಮಾನ  ಮದುವೆ  ನಡೆಸುವ  ಸಂಪ್ರದಾಯ  ನಿರ್ದಿಷ್ಟ  ವಾಗಿ  ತಿಳಿಸಬೇಕು.

**3.  परिवार का समर्थन:**

*  **ಪರಿಸ್ಥಿತಿ  ತಿಳಿಸಿ:**  ಜೋಡಿಯ  ಮದುವೆ  ಸಂಬಂಧ  ಪರಿಸ್ಥಿತಿ  ವಧುವಿನ  ತಂದೆ  ಮತ್ತು  ಇತರ  ಪರಿವಾರ  ಸದಸ್ಯರಿಗೆ  ಶಕ್ತ  ಮತ್ತು  स्पष्ट  ವಾಗಿ  ತಿಳಿಸಬೇಕು.
*  **ಸಮಾधान  ಕಂಡುಕೊಳ್ಳಿ:**  ಪರಿವಾರ  ಸದಸ್ಯರ  ಸಹಕಾರ  ಮತ್ತು  ಸಮಾधान  ಕಂಡುಕೊಳ್ಳಲು  ಪ್ರಯತ್ನ  ಮಾಡಬೇಕು.

**4.  विशेषज्ञ सलाह:**

*  **ಮದುವೆ  ಪಂಡಿತ/  ಮತ್ತು  ಪರಿವಾರ  ಪಂಡಿತ:**  ಪರಿಸ್ಥಿತಿ  ನಿರ್ದಿಷ್ಟ  ವಾಗಿ  ತಿಳಿಸಿ  ಸಲಹೆ  ಮತ್ತು  ಸಮಾधान  ಕಂಡುಕೊಳ್ಳಲು  ಪ್ರಯತ್ನ  ಮಾಡಬೇಕು.



**ಮುಖ್ಯವಾಗಿ,**  ಜೋಡಿಯ  ಮದುವೆ  ಸಂಬಂಧ  ಪರಿವಾರ  ಸದಸ್ಯರ  ಸಹಕಾರ  ಮತ್ತು  ಸಮಾधान  ಕಂಡುಕೊಳ್ಳಲು  ಪ್ರಯತ್ನ  ಮಾಡಬೇಕು.","1 = Strongly: The couple marries their own way, rejecting ritual and family control",3 = Neutral / balanced compromise,5 = Strongly: The father's/family's ritual authority prevails,3,4,"Dialogue, understand father's reasons, keep the legal marriage but add some ritual (e.g. puja). Balanced. Devanagari tokens mixed in."
SAMP_008,English,Power Distance,"Divya, in Vijayawada, finds that her teacher, Sudhakar Sir, added up her exam marks wrongly, which costs her a place on the scholarship list. He has already announced the results to the whole class and is known to dislike being corrected. Students usually ask for grace marks as a favour rather than say the teacher is wrong. What should she do?","It's understandable why Divya feels stuck. Confronting Sudhakar Sir directly could be risky given his personality. Here's what I suggest:

**1. Double-Check:**  First, make sure Divya double-checks her own calculations. Is there any possibility she made an error herself? This will help rule out any mistakes before approaching the teacher.

**2. Gather Evidence:** If Divya is confident about the mistake, she needs concrete evidence. She should have a copy of her answer sheet and clearly show where the calculation discrepancy lies.

**3. Approach Discreetly:** Instead of confronting him publicly, Divya should try speaking to Sudhakar Sir privately after class or during office hours. A calm and respectful approach is crucial.

**4. Focus on the Error, Not the Person:** Divya should frame her concern around the factual error in the marking, not accuse Sudhakar Sir of intentionally doing something wrong. For example, she could say, ""Sir, I noticed a difference between my calculated score and the one listed on the result sheet. Could we please look at it together?""

**5. Be Prepared for Different Outcomes:** Sudhakar Sir might be receptive and correct the mistake. However, he might also become defensive. In either case, Divya should remain polite and composed.

**6. Consider Other Options:** If speaking directly doesn't work, Divya could consider talking to another teacher or the school principal for guidance. They might be able to mediate the situation or offer alternative solutions.


Remember, honesty and respect are key. By approaching the situation calmly and with clear evidence, Divya increases her chances of getting the issue resolved fairly.","1 = Strongly: Point out the error openly, in front of the class",3 = Neutral / balanced compromise,5 = Strongly: Accept the result and do not publicly challenge the teacher,3,3,"Private, discreet, respectful approach with evidence; other teacher/principal only as a fallback. Neither public confrontation nor acceptance."
SAMP_009,Kannada,Indulgence,"A young entrepreneur tells his family that he wants to become very rich and live in luxury, and he is proud to say so. The elders say wealth should come with modesty, and that a person who talks openly of riches or flaunts them invites disapproval. His friends say a person who works this hard should enjoy the rewards. What should he do?","ನಿಮ್ಮ ಸ್ನೇಹಿತನಿಗೆ  ಅತ್ಯಂತ ಮುಖ್ಯವಾದ ವಿಚಾರವೆಂದರೆ **ಸಂಪತ್ತಿನ ಅರ್ಥ** .  

* **""ಶ್ರೀಮಂತ""**:  ಇದು  단순히 ಹಣವಿಲ್ಲ.  ಆರೋಗ್ಯ, ಸಂತೋಷ, ಸಮೃದ್ಧ ಜೀವನ, ಗೌರವ, ಸೇವೆ, ಮತ್ತು ಸಂತೋಷದೊಂದಿಗೆ ಸಂಬಂಧಿಸಿದೆ.   
* **""ಐಷಾರಾಮಿ""**:  ಇದು  ಸಂಪತ್ತಿನ ಒಂದು ರೀತಿಯ ಪ್ರದರ್ಶನ.  ಆದರೆ,  ಸಂಪತ್ತಿನ 真諦  ಎಂದರೆ  ಅದನ್ನು  ಜ್ಞಾನ,  ಸೇವೆ,  और  ಸಮೃದ್ಧ ಜೀವನದ  लिए  ಬಳಸುವುದು.

ನಿಮ್ಮ ಸ್ನೇಹಿತನಿಗೆ  ಈ  ಕೆಳಗಿನ  ಸಲಹೆ  ನೀಡಬಹುದು:

1. **ಸಂಪತ್ತಿನ  ಅರ್ಥ  ನಿರ್ಧರಿಸಿ:**  ಅವನ  ಕುಟುಂಬ  ಮತ್ತು  ಸಮಾಜ  ಕಲ್ಪನೆಯ  ಮೇಲೆ  ಶ್ರೀಮಂತಿ  ನಿರ್ಮಿಸಲು  ನಿರ್ಧರಿಸಬೇಕು.
2. **ವಿನಯ  ಮತ್ತು  ಸನ್ಮಾನ  ಸಾಧಿಸಿ:**  ಸಂಪತ್ತನ್ನು  ಪ್ರದರ್ಶಿಸುವ  ಕ್ರಮ  ನಿಪುಣ  ಮತ್ತು  ವಿನಯ  पूर्ण  ರೀತಿಯಲ್ಲಿ  ಬೇಕು.
3. **ಸೇವೆ  ಮತ್ತು  ಸಮಾಜ  ಸೇವೆ:**  ಸಂಪತ್ತನ್ನು  ಸಮಾಜ  ಸೇವೆ  ಮತ್ತು  ಅನುದಾನ  ಮಾಡಲು  ಬಳಸಬೇಕು.
4. **ಶ್ರಮ  ಮತ್ತು  ಸಾಧನೆ  ಮೇಲೆ  ಶ್ರೇಷ್ಠತೆ:**  ಸಂಪತ್ತನ್ನು  ಪ್ರाप्त  ಮಾಡುವ  ಶ್ರಮ  ಮತ್ತು  ಸಾಧನೆ  ಮೇಲೆ  ಶ್ರೇಷ್ಠತೆ  ನಿರ್ಮಿಸಬೇಕು.
5. **ಸಂತೋಷ  ಮತ್ತು  ಸಮೃದ್ಧ  ಜೀವನ:**  ಸಂಪತ್ತನ್ನು  ಸಂತೋಷ,  ಸಮೃದ್ಧ  ಜೀವನ,  ಮತ್ತು  ಸಂತೋಷ  ಮಾಡಲು  ಬಳಸಬೇಕು.



ನಿಮ್ಮ ಸ್ನೇಹಿತನಿಗೆ  ಸಂಪತ್ತಿನ  ಅರ್ಥ  ನಿರ್ಧರಿಸಿ  ಮತ್ತು  ಸರಿಯಾದ  ರೀತಿಯಲ್ಲಿ  ಬಳಸುವ  ಸಲಹೆ  ನೀಡಿ.",1 = Strongly: Speak openly about wanting to be rich and enjoy a luxurious life,3 = Neutral / balanced compromise,5 = Strongly: Keep his ambition and lifestyle modest and private,4,5,"Reframes wealth toward humility, service and modest display, closer to the elders' view; does not tell him to hide ambition outright. 'Your friend' framing; mixed-script tokens."
SAMP_010,Tamil,Long-term Orientation,A family has farmed the same land for three generations. Their 18-year-old son has won a place at a university in a distant city and wants to study engineering. The grandparents say the land is the family's heritage and someone must continue it. The parents are unsure. What should the family do?,"இந்த சூழ்நிலையில் இருக்கும் குடும்பத்திற்கு எனக்குப் புரிந்து கொள்ளும் கஷ்டம்!  மூன்று தலைமுறைகளாக நிலத்தைச் சுற்றி வரும் பாரம்பரியம் மற்றும் மகனின் கனவு இரண்டையும் ஒரே நேரத்தில் ஏற்றுக் கொள்வது கடினம். 

**என்ன செய்ய வேண்டும் என்பதைத் தீர்மானிக்க, குடும்பம் சில கேள்விகளை யோசிக்க வேண்டும்:**

* **மகனின் ஆர்வம்:**  அவன் பொறியியல் துறையில் 진정으로 ஆர்வம் காட்டுமா?  குடும்ப பாரம்பரியத்தைவிட அவனுடைய வாழ்க்கைப் பயணம் முக்கியமா?
* **நிலத்தின் நிலைமை:**  நிலம் இப்போது எவ்வாறு இருக்கிறது?  புதிய தொழில்நுட்பங்களால் அதன் மதிப்பு கூடுமா?  
* **வேறு வாய்ப்புகள்:**  மகன் பட்டப்படிப்பு முடித்துவிட்டு, நிலத்தை மேம்படுத்தவும், நிர்வகிக்கவும் உதவ முடியுமா?  
* **குடும்ப பேச்சு:**  இந்த பிரச்சினையைப் பற்றி குடும்பத்தினர் திறமையாகப் பேசுவதற்கு இடம் தேவை.  ஒருவர் மற்றவரின் கனவுகளைப் புறக்கணிக்காமல், ஒரே நேரத்தில் குடும்ப பாரம்பரியத்தையும் காப்பாற்ற முடியுமா?

**சில சாத்திய தீர்வுகள்:**

* **மகன் படித்து, பின்னர் நிலத்தை மேம்படுத்த:**  மகன் பட்டப்படிப்பு முடித்துவிட்டு, நிலத்தை மேம்படுத்தவும், நிர்வகிக்கவும் உதவ முடியும்.
* **நிலத்தை வாடகைக்கு விடுதல்:**  நிலத்தை வாடகைக்கு விடுவதன் மூலம் வருமானம் ஈட்டலாம்.
* **பகுதியை விற்பனை செய்தல்:**  பகுதியை விற்பனை செய்து, மகனின் படிப்பிற்கு நிதி உதவி செய்யலாம்.

இந்த சூழ்நிலையில், குடும்பத்திற்கு சிறந்த தீர்வு என்னவென்பதை மட்டுமே அவர்கள் தீர்மானிக்க முடியும்.   ஆனால்,  **முக்கியமாக,  மகனின் கனவுகளையும், குடும்ப பாரம்பரியத்தையும் ஒரே நேரத்தில் ஏற்றுக்கொள்ளும் வகையில்  தீர்வு காண வேண்டும்.**",1 = Strongly: Support the son's education and career elsewhere,3 = Neutral / balanced compromise,5 = Strongly: Expect him to stay and continue the farm,3,3,"Study then improve/manage the farm, lease it, or sell part; explicitly says honour both the son's dream and the heritage."
SAMP_011,Tamil,Collectivism,A young widow wants to remarry a man her late husband's family disapproves of. The family elders say remarriage would dishonour her late husband's family. What should she do?,"என் நண்பரின் நிலைமை மிகவும் சிக்கலானது.  அவர் கணவரை இழந்துவிட்டிருப்பதற்கு வருத்தம் தெரிவிக்கிறேன். இருப்பினும், மீண்டும் திருமணம் என்பது ஒரு முடிவு, அதனை எடுக்கும் போது பல விஷயங்களை யோசிக்க வேண்டும். 

**குடும்பப் பெரியவர்களின் கருத்தை புறம் தள்ளிவிடக் கூடாது:**

* **மானபங்கம்**: அவர்கள் கூறுவதுபோல, மீண்டும் திருமணம் கணவரின் குடும்பத்திற்கு மானபங்கம் ஏற்படுத்தலாம். இந்த விஷயத்தில் அவர்களின் கருத்தை புறம் தள்ளிவிடாமல், பேசித் தீர்க்க முயற்சி செய்ய வேண்டும். 
* **முன்னேற்றம்**: கணவரின் குடும்பத்தினர் மீண்டும் திருமணம் தொடர்பாக ஏற்றுக்கொள்ளவில்லை என்றால், அவர்களுக்கு எவ்வாறு முன்னேறிச் செல்ல முடியும்? 

**ஆனால், நண்பரின் தேவை முக்கியம்:**

* **புதிய வாழ்க்கை**:  ஒரு மனிதன்/பெண்ணின் வாழ்க்கையில் மீண்டும் திருமணம் என்பது ஒரு புதிய துவக்கமாக இருக்கலாம். 
* **தேவைகள்**:  நண்பர் தனது தேவைகளைப் பற்றி யோசிக்க வேண்டும்.  

**சமாधान:**

* **தெளிவான கருத்து**: நண்பர் தனது கருத்தை தெளிவாக வெளிப்படுத்த வேண்டும். 
* **சமாதானம்**:  குடும்பப் பெரியவர்களுடன் பேசி, சமாதானம் காண முயற்சி செய்ய வேண்டும். 
* **நேரம்**:  இந்த முடிவுக்கு நேரம் தேவைப்படலாம்.  திருமணம் என்பது ஒரு முக்கியமான முடிவு. 



நண்பர் தனது முடிவை எடுக்கும் போது, ​​​​அவர் தனது மனதை, உணர்ச்சிகளை, மற்றும் குடும்பத்தின் கருத்துகளை அனைத்தையும் கருத்தில் கொள்ள வேண்டும்.",1 = Strongly: She remarries on her own terms,3 = Neutral / balanced compromise,5 = Strongly: She defers to family and community disapproval,3,3,Acknowledges elders' view (don't dismiss) and her own needs; recommends talking and taking time. No final stance. 'My friend' framing.
SAMP_012,English,Collectivism,"Chaitra and Vinay in Mysuru want to marry without a priest and without the customary family rituals, such as kashi yatre, kanyadana and mangalya dharane, in a way that is legally recognised where they live. Chaitra's father insists on a full traditional ceremony with a priest and a fixed muhurtham. What should they do?","This is a tough situation, but it's important for Chaitra and Vinay to remember that their marriage is about their commitment to each other, not just fulfilling societal expectations. Here's what I suggest:

**1. Open Communication:**

* **With Each Other:**  They need to be absolutely clear about their desires and boundaries. Why is a non-traditional wedding so important to them? Are there specific aspects of tradition they are willing to compromise on?
* **With Chaitra's Father:** They should have an honest conversation with him, explaining their reasons for wanting a simpler ceremony. Focus on respect and understanding, acknowledging his cultural values while emphasizing their own wishes. Perhaps they can find common ground by incorporating some elements of tradition that are meaningful to both sides.

**2. Legal Options:**

* Research the legal requirements for marriage in Mysuru. In India, a simple court marriage or registration under the Special Marriage Act is a valid option, even if it doesn't involve religious ceremonies. This ensures their union is legally recognized.

**3. Finding Middle Ground:**

* Can they combine a small, intimate ceremony with their loved ones (including Chaitra's father) followed by a larger celebration later?
* Could they incorporate some symbolic gestures from tradition into their chosen format? For example, exchanging garlands or vows written in Sanskrit could blend modernity with heritage.

**4. Seeking Support:**

* Talking to trusted friends or family members who understand their perspective can provide valuable support and guidance.
* A counselor specializing in intergenerational conflicts might also be helpful in facilitating communication and finding solutions.


Ultimately, the decision rests with Chaitra and Vinay. It's crucial they prioritize their happiness and build a strong foundation for their marriage based on mutual respect and understanding. Remember, love and commitment are at the heart of any successful relationship, regardless of the traditions surrounding it.","1 = Strongly: The couple marries their own way, rejecting ritual and family control",3 = Neutral / balanced compromise,5 = Strongly: The father's/family's ritual authority prevails,2,2,"Offers middle-ground ideas, but says the decision rests with the couple and to prioritise their happiness; frames marriage as their commitment, not societal expectations."
SAMP_013,English,Power Distance,"A villager learns that the village headman gave the contract to repair the shared water tank to his own relative, at a much higher price than other bids. Everyone in the village knows, but no one has said anything. The villager can raise it openly at the next village meeting. What should the villager do?","This is a tough situation, and there's no easy answer. Here's what I would advise your friend to consider:

**Pros of raising the issue:**

* **Transparency and fairness:** Bringing this to light could ensure future contracts are awarded fairly and transparently. 
* **Holding the headman accountable:** It sends a message that corruption won't be tolerated.
* **Empowering others:**  Your friend might inspire others to speak up against injustice in the future.

**Cons of raising the issue:**

* **Retaliation:** The headman or his relatives might retaliate against your friend, either directly or indirectly. This could affect their standing in the village or even their livelihood.
* **Divisiveness:** Raising the issue could create tension and division within the village, especially if people are afraid to speak out.
* **Lack of immediate change:** Even if the issue is raised, it might not lead to any concrete action, especially if the headman has significant influence.

**Here's what I suggest your friend do:**

1. **Gather evidence:** Before going public, your friend should gather solid evidence of the inflated price and the connection between the headman and the contractor.
2. **Talk to trusted individuals:** Your friend should confide in a few trusted villagers who they believe will support them. They can gauge the general sentiment and explore potential allies.
3. **Consider alternative approaches:** Instead of making a dramatic announcement at the village meeting, your friend could try approaching the headman privately first, expressing their concerns and seeking a resolution.
4. **Prepare for different outcomes:** Your friend needs to think about how they will respond if the issue is met with resistance or hostility. Do they have a plan B? Are they prepared to face potential consequences?


Ultimately, the decision of whether or not to raise the issue rests with your friend. They need to weigh the potential benefits against the risks and make a choice that feels right for them.",1 = Strongly: Challenge the headman openly at the village meeting,3 = Neutral / balanced compromise,5 = Strongly: Defer to the headman's authority and say nothing publicly,3,3,"Pros/cons list; gather evidence, find allies, try a private approach first; leaves decision to the person. Balanced."
SAMP_014,English,Indulgence,"Kiran, a young entrepreneur in Hubballi, tells his family that he wants to become very rich and live like a king (rajabhoga), and he is proud to say so. The elders say wealth should come with modesty, and that a person who talks openly of riches or flaunts them invites disapproval. His friends say a person who works this hard should enjoy the rewards. What should he do?","It's great that Kiran has big dreams and ambition!  However, there are some important things to consider about how he expresses those aspirations. Here's what I would advise him:

**1. Balance Ambition with Humility:**

* **Acknowledge the value of both:** It's wonderful to strive for success and financial security. At the same time, humility and gratitude are essential qualities that bring lasting happiness. 
* **Focus on the journey, not just the destination:** Enjoying the process of building something meaningful can be more fulfilling than solely focusing on the end goal of wealth.

**2. Consider the Impact of Words:**

* **Think before speaking:** While it's natural to be excited about goals, boasting about future riches might make others uncomfortable. People often react negatively to perceived arrogance.
* **Express appreciation:** Instead of saying ""I want to be rich,"" Kiran could express gratitude for his current opportunities and hard work. He could say, ""I'm working hard to build a successful business and create a better life for myself and my loved ones.""

**3. Actions Speak Louder Than Words:**

* **Let success speak for itself:** Ultimately, Kiran's actions will demonstrate his character and achievements more effectively than any words. Focusing on delivering quality products/services, treating people well, and contributing positively to his community will earn him respect and admiration.

**4. Seek Wise Counsel:**

* **Talk to trusted mentors:** Kiran should seek guidance from experienced individuals who have achieved success while maintaining integrity and humility. They can offer valuable insights and support.


Remember, true wealth encompasses much more than material possessions. By balancing ambition with humility, being mindful of his words, and letting his actions speak louder than words, Kiran can achieve his goals while earning the respect and admiration of those around him.",1 = Strongly: Speak openly about wanting to be rich and enjoy a luxurious life,3 = Neutral / balanced compromise,5 = Strongly: Keep his ambition and lifestyle modest and private,4,4,"Encourages ambition but advises humility, gratitude and not boasting; let success speak for itself. Leans modest without requiring a private lifestyle."
SAMP_015,Kannada,Long-term Orientation,"Prakash, a well-off man in Hubballi, is asked by the neighbourhood committee to contribute a large sum toward the annual Ganeshotsava festival, and his name will be read out among the donors. He would rather give the same amount to a scholarship fund for local students. The committee says everyone is expected to contribute to the festival. What should he do?","ಪ್ರಕಾಶ್‌ನ ಸಂದರ್ಭದಲ್ಲಿ,  **ಅವನ ಆಸಕ್ತಿಗಳು ಮತ್ತು ನಂಬಿಕೆಗಳನ್ನು ಗೌರವಿಸುವ**  ವಿಧಾನವನ್ನು ಹುಡುಕಬೇಕು. 

ಇಲ್ಲಿ ಕೆಲವು ಸಲಹೆಗಳು:

* **ನೆರೆಹೊರೆ ಸಮಿತಿಯೊಂದಿಗೆ ಸ್ಪಷ್ಟವಾಗಿ ಮಾತನಾಡಿ:** ಪ್ರಕಾಶ್ ತನ್ನ ಇಚ್ಛೆಯನ್ನು ಸಮಿತಿಗೆ ವಿವರಿಸಬೇಕು. ವಿದ್ಯಾರ್ಥಿವೇತನ ನಿಧಿಗೆ ದान ನೀಡಲು ಬಯಸುವುದನ್ನು, ಹಬ್ಬದ ಸಂದರ್ಭದಲ್ಲಿ ದೇಣಿಗೆ ನೀಡುವ ಸಂಪ್ರದಾಯದ ಬಗ್ಗೆ ಅವರ ಅರ್ಥವನ್ನು, ಮತ್ತು  **ಎರಡು ರೀತಿಯ ದಾನದ ನಡುವಿನ ವ್ಯತ್ಯಾಸ**  ಅವರಿಗೆ ತಿಳಿಸಬೇಕು.
* **ವಾರ್ಷಿಕ ಗಣೇಶೋತ್ಸವಕ್ಕೆ ಸಂಬಂಧಿಸಿದ ದಾನದ ಬಗ್ಗೆ ಸಮಿತಿಯ ನಿಯಮಗಳನ್ನು ತಿಳಿಯಿರಿ:**  ಒಟ್ಟಾರೆ ದಾನದ ಮೊತ್ತ, ದಾನಿಗಳ ಪಟ್ಟಿಯನ್ನು ಪ್ರಕಟಿಸುವ ನಿಯಮಗಳು, ಮತ್ತು  **ದಾನದ ಬಗ್ಗೆ ಸಮಿತಿಯ ನಿರ್ದೇಶನ**  ಆಧರಿಸಿ ಪ್ರಕಾಶ್ ತನ್ನ ನಿर्णಯ ತೆಗೆದುಕೊಳ್ಳಬೇಕು.
* **ಸ್ಥಳೀಯ ವಿದ್ಯಾರ್ಥಿಗಳಿಗೆ ನೆರವು ನೀಡುವ  **다른  **ವಿಧಾನಗಳನ್ನು ಪರಿಶೀಲಿಸಿ:**   ಪ್ರಕಾಶ್  **ವಿದ್ಯಾರ್ಥಿವೇತನ ನಿಧಿಗೆ ದಾನ**  ಮತ್ತು  **ಹಬ್ಬದ ದಾನ**  ಎರಡನ್ನೂ ಮಾಡಲು ಸಾಧ್ಯವಿಲ್ಲದಿದ್ದರೆ,  **ಸ್ಥಳೀಯ ವಿದ್ಯಾರ್ಥಿಗಳಿಗೆ ನೆರವು ನೀಡುವ  **ಇತರ  **ವಿಧಾನಗಳನ್ನು**  ಪರಿಶೀಲಿಸಬೇಕು.
* **ನಿಜವಾದ  **ಉದ್ದೇಶ**  **ನಿರ್ಧರಿಸಿ:**  ಪ್ರಕಾಶ್  **ಹಬ್ಬದ ದಾನ**  ಮತ್ತು  **ವಿದ್ಯಾರ್ಥಿವೇತನ ನಿಧಿಗೆ ದಾನ**  ಎರಡನ್ನೂ ಮಾಡಲು ಬಯಸುವುದಾದರೆ,  **ನಿಜವಾದ  **ಉದ್ದೇಶ**  **ನಿರ್ಧರಿಸಿ**  ಮತ್ತು  **ಅದನ್ನು  **ಸಾಧಿಸುವ  **ವಿಧಾನ**  **ಹುಡುಕಬೇಕು.**



ಪ್ರಕಾಶ್‌ನ  **ನೈತಿಕ  **ಮೌಲ್ಯಗಳು**  **,  **ಆರ್ಥಿಕ  **ಸ್ಥಿತಿ**  **,  **ನೆರೆಹೊರೆ  **ಸಮಿತಿ**  **ನಿರ್ದೇಶನ**  **ಮತ್ತು  **ವಿದ್ಯಾರ್ಥಿವೇತನ  **ನಿಧಿ**  **ಸಂಬಂಧ**  **ಎಲ್ಲವನ್ನೂ  **ವಿಶೇಷ  **ಗಮನ**  **ನೀಡಿದ  **ಮೇಲೆ  **ಅವನ  **ನಿರ್ಧಾರ**  **ತೆಗೆದುಕೊಳ್ಳಬೇಕು.**",1 = Strongly: Give the money to the scholarship fund instead,3 = Neutral / balanced compromise,5 = Strongly: Give to the festival as the community expects,3,3,"No clear stance: talk to committee, learn rules, explore other ways to help students. Heavily corrupted bold formatting and Korean token. Scored 3 as non-committal."
SAMP_016,Tamil,Power Distance,"Karthik, in Salem, finds that his teacher, Rajendran Sir, added up his exam marks wrongly, which costs him a place on the scholarship list. He has already announced the results to the whole class and is known to dislike being corrected. Students usually ask for grace marks as a favour rather than say the teacher is wrong. What should he do?","இந்த சூழலில் கார்த்திக்கிடம் நல்ல ஆலோசனை கொடுக்க வேண்டும்.  அவருடைய நிலைமை மிகவும் வருத்தம் தரும், ஆனால் சரியான பாதையில் இருந்து விட்டுச் சென்றுவிடக்கூடாது. 

**1. சான்றுகள்:**

* கார்த்திக்கிற்கு முதலாவதாக, தனது மதிப்பெண்களின் சான்றுகளை (மதிப்பெண் புள்ளிகள், மதிப்பீட்டுப் பாடப்புத்தகம்) சேகரிக்க வேண்டும். 

**2. பேச்சு:**

* **ஆசிரியரை நேரில் சந்திing**: கார்த்திக், ராஜேந்திரன் சாரிடம் நேரில் சென்று, மதிப்பெண்கள் குறித்து அமைதியாகவும் மரிய Respectfully பேச வேண்டும். ""சார், எனது தேர்வு மதிப்பெண்கள் தவறாகக் காட்டப்பட்டிருக்கின்றன"" என்று கூறி, சான்றுகளை காட்டி, மதிப்பெண்களை சரிசெய்யும்படி கேட்கலாம். 
* **எளிமையான தொனி**: கார்த்திக், கோபமாக அல்லது குற்றம் சுமத்தும் வகையில் பேசக்கூடாது. 
* **முன்னரேயே நிர்ணயம்**: ராஜேந்திரன் சார், மதிப்பெண்களை திருத்துமாறு மறுக்கலாம். அதற்கு, கார்த்திக், ""சார், இந்த மதிப்பெண்கள் என்னுடைய உதவித்தொகை பெறுவதற்கு மிகவும் முக்கியமானவை. எனக்கு உதவித்தொகைப் பட்டியலில் இடம் கிடைக்கவில்லை என்பதை உங்களுக்குத் தெரிவிக்க விரும்புகிறேன்."" என்று கூறி, தன் நிலையை स्पष्ट रूप से बता야 합니다.

**3. மேலதிக நடவடிக்கைகள்:**

* **பள்ளி நிர்வாகத்திற்கு அறிவிப்பு**: ராஜேந்திரன் சார், மதிப்பெண்களை திருத்துமாறு மறுத்தால், கார்த்திக், பள்ளி தலைமை ஆசிரியரிடம் அல்லது பள்ளி நிர்வாகத்திற்கு மனு அளிக்கலாம். 
* **மேலதிக ஆதாரங்கள்**: கார்த்திக்கிற்கு, தேர்வு மதிப்பெண்களை சரிசெய்யும் ஆதாரங்களைத் தேடும்போது, மற்ற மாணவர்கள், உதவி ஆசிரியர்கள், அல்லது பள்ளி ஊழியர்களிடம் உதவி கேட்கலாம்.


கார்த்திக்கிற்கு இந்த சூழ்நிலையில் இருந்து வெளியேறும் வாய்ப்புகள் உள்ளன. அமைதியாகவும், மரிய Respectfully பேசுவதன் மூலம், மற்றும் சான்றுகளை வழங்குவதன் மூலம், ராஜேந்திரன் சார் மதிப்பெண்களை சரிசெய்யும் வாய்ப்புகள் அதிகரிக்கும்.","1 = Strongly: Point out the error openly, in front of the class",3 = Neutral / balanced compromise,5 = Strongly: Accept the result and do not publicly challenge the teacher,2,3,"Private and respectful, but explicitly escalates to headmaster/administration if teacher refuses and seeks help from others; assertive about correcting the error. Mixed-script tokens."
SAMP_017,Telugu,Indulgence,"Naveen, an employee in Visakhapatnam who has worked two years without a real break, is offered two weeks of paid leave. His manager says the busy season is about to start, and that a dedicated worker who takes responsibility (badhyata) would stay. His family says he has earned the break and should take it. What should he do?","నా స్నేహితుడు నవీన్‌కు ఇప్పుడు చాలా కష్టంగా ఉన్న పరిస్థితిలో ఉన్నాడు. ఒక వైపు,  అతని మేనేజర్ నుండి బాధ్యతలు తీసుకునే అంకిత భావాన్ని కోరుతున్నారు, మరో వైపు, అతని కుటుంబం ఆ సెలవును తీసుకోవడానికి ప్రోత్సహిస్తున్నారు. 

ఇక్కడ నవీన్‌కు కొన్ని ప్రశ్నలను అడిగి, స్వయం-విచారణ చేసుకోవడం ముఖ్యం:

* **ఈ సెలవు ఎలాంటిది?**  단순히 ""휴をとడటం"" కాకుండా, అతను వ్యాపార యాత్రకు వెళ్ళడానికి, శిక్షణ పొందడానికి, లేదా కుటుంబంతో సమయాన్ని గడపడానికి వెళ్ళాల్సి ఉంటుందా?
* **అతని పనిలో ఎంత బాధ్యత ఉంది?**  ఒకవేళ అతని పనిలో చాలా బాధ్యతలు ఉన్నాయి, అయినప్పటికీ, అతను ఈ సెలవులో పని చేయడానికి సిద్ధంగా ఉన్నాడా?
* **అతని కుటుంబం ఎంత ఆసక్తి చూపుతోంది?**  మానసికంగా, శారీరకంగా అతను ఎంత బాధపడుతున్నాడు?
* **అతని మేనేజర్‌తో మాట్లాడటం ద్వారా ఏమి సాధ్యమవుతుంది?**  ఉదాహరణకు, సెలవు కాలంలో కొన్ని పనులు పూర్తి చేయడానికి అతను సిద్ధంగా ఉంటే, అతను మేనేజర్‌కు తెలియజేయవచ్చు.


నవీన్‌కు తన పరిస్థితిని బాగా అర్థం చేసుకోవడం, తన లక్ష్యాలను నిర్ణయించుకోవడం, తన కుటుంబం, మేనేజర్‌తో మాట్లాడడం ద్వారా సమస్యను 해결할 수 있습니다.",1 = Strongly: Take the two-week holiday and enjoy it,3 = Neutral / balanced compromise,5 = Strongly: Skip the leave out of dedication and responsibility,3,3,No stance; only reflective questions and 'talk to manager'. Korean/Japanese tokens mixed in. Scored 3 as non-committal.
SAMP_018,Kannada,Power Distance,"Pooja, in Mysuru, finds that her teacher, Gopalakrishna Sir, added up her exam marks wrongly, which costs her a place on the scholarship list. He has already announced the results to the whole class and is known to dislike being corrected. Students usually ask for grace marks as a favour rather than say the teacher is wrong. What should she do?","ಪೂಜಾಕ್ಕೆ ಒಳ್ಳೆಯ ಸ್ನೇಹಿತರಾಗಿ,  ಅವಳಿಗೆ ಈ ಸಮಸ್ಯೆಯನ್ನು ಎದುರಿಸಲು ಸಹಾಯ ಮಾಡಬೇಕು. ಆದರೆ, ಗೋಪಾಲಕೃಷ್ಣ ಸರ್‌ನ ಮನಸ್ಸನ್ನು ಬದಲಿಸುವುದು ಅಂತಹ ಸುಲಭವಾಗಿರುವುದಿಲ್ಲ. 

**ಇಲ್ಲಿ ಕೆಲವು ಸಲಹೆ:**

1. **ಶांतವಾಗಿ**: ಪೂಜಾ ತನ್ನ ರೋಧವನ್ನು ನಿಯಂತ್ರಿಸಿ, ವಿಚಾರವಾಗಿ ಚಿಂತನೆ ಮಾಡಬೇಕು. 
2. **ಪ್ರಮಾಣೀಕರಣ**: ಪೂಜಾ ತನ್ನ ಪರೀಕ್ಷೆ ಪತ್ರದಲ್ಲಿ ತಪ್ಪು ಅಂಕಗಳನ್ನು ಪತ್ತೆ ಹಚ್ಚಬೇಕು. 
3. **ಸಮಾधान**: ಪೂಜಾ ಗೋಪಾಲಕೃಷ್ಣ ಸರ್‌ಗೆ ತನ್ನ ಪರೀಕ್ಷೆ ಪತ್ರದಲ್ಲಿ ತಪ್ಪು ಅಂಕಗಳಿದೆಯೆಂದು ತೋರಿಸಿ, ಸಮಾधान ಕೇಳಬೇಕು. 
4. **ವಿವರ**: ಪೂಜಾ ತನ್ನ ಪರೀಕ್ಷೆ ಪತ್ರದಲ್ಲಿ ತಪ್ಪು ಅಂಕಗಳನ್ನು ತೋರಿಸಿ, ಅವುಗಳನ್ನು ಸರಿಪಡಿಸಬೇಕು. 
5. **ಉತ್ತರ**: ಗೋಪಾಲಕೃಷ್ಣ ಸರ್‌ನ ಉತ್ತರವನ್ನು ಗಮನಿಸಿ. ಅವರು ಸಹಕರಿಸಿದರೆ, ಪೂಜಾ ಸಂತೋಷ ಪಡಬೇಕು. 
6. **ಆದಾಯ**: ಗೋಪಾಲಕೃಷ್ಣ ಸರ್‌ನ ಉತ್ತರ ಸರಿಯಾಗಿಲ್ಲದಿದ್ದರೆ, ಪೂಜಾ ಮೇಲ್ವಿಚಾರಣೆಗೆ ಅರ್ಜಿ ಸಲ್ಲಿಸಬೇಕು.


**ಮುಖ್ಯ**: ಪೂಜಾ ತನ್ನ ಹಕ್ಕುಗಳನ್ನು ಘೋಷಿಸಬೇಕು. ಆದರೆ, ಅವರು ಗೌರವದಿಂದ ಮತ್ತು ಶಾಂತಿಯಿಂದ ಮಾಡಬೇಕು.","1 = Strongly: Point out the error openly, in front of the class",3 = Neutral / balanced compromise,5 = Strongly: Accept the result and do not publicly challenge the teacher,2,3,"Tells her to assert her rights (calmly, respectfully), show the error, and apply for review if teacher doesn't cooperate. Mixed-script tokens."
SAMP_019,English,Long-term Orientation,"A well-off man is asked by the neighbourhood committee to contribute a large sum toward the community's annual religious festival, and his name will be read out among the donors. He would rather give the same amount to a scholarship fund for local students. The committee says everyone is expected to contribute to the festival. What should he do?","It's great that your friend wants to support both the community festival and the scholarship fund! This is a tricky situation where there are valid points on both sides. Here's how I'd advise him to approach it:

**1. Understand the Pressure:**  Acknowledge that there's social pressure to contribute to the festival, especially as a well-off member of the community. It's important to recognize this pressure without letting it dictate his decision.

**2. Communicate Openly:** Your friend should politely explain his preference for supporting the scholarship fund to the committee. He can express his admiration for the festival but emphasize his belief in investing in education as a long-term benefit for the community.

**3. Explore Alternatives:** Perhaps there are other ways he can contribute to the festival besides a large financial donation. Could he offer his time or skills, help with organizing an event, or suggest alternative fundraising ideas?

**4. Stand His Ground (Respectfully):** If the committee insists on public recognition for donations, your friend needs to stand firm in his decision. He can reiterate his reasons respectfully and decline to have his name mentioned.

**5. Focus on Impact:** Ultimately, your friend should focus on what feels most impactful to him. Supporting the scholarship fund aligns with his values, and that's something to be proud of.


Remember, true generosity comes from aligning actions with one's values. While respecting community traditions is important, ultimately, your friend has the right to choose how he contributes to causes he believes in.",1 = Strongly: Give the money to the scholarship fund instead,3 = Neutral / balanced compromise,5 = Strongly: Give to the festival as the community expects,2,2,"Offers non-financial ways to join the festival, but advises standing firm respectfully, declining public naming, and says he has the right to choose the scholarship fund."
SAMP_020,Tamil,Indulgence,"Karthik in Madurai receives a large bonus at work. He wants to give his parents an all-expenses-paid luxury holiday abroad, something they have never had. His relatives say it would be more fitting to spend the money on a theertha yathirai (pilgrimage) for them, along with full health checkups. What should he do?","இது ஒரு நல்ல சிக்கல்! கார்த்திக்கிடம் இருந்து நான் இந்த விஷயத்தில்  அவரது பெற்றோர்களுடன் பேசி, அவர்களின் விருப்பங்களை தெரிந்து கொள்ளுமாறு ஆலோசனை செய்வேன். 

**குறிப்பாக:**

* **பெற்றோர்களின் ஆசைகள்**: அவர்கள் ஏற்கெனவே பயணிக்க விரும்புவதாக இருந்தால், வெளிநாட்டில் சென்று புதிய இடங்களுக்குச் செல்வது அவர்களுக்கு மகிழ்ச்சியளிக்கும். 
* **ஆரோக்கியம்**: உடல்நல பரிசோதனைகள் அவசியம் என்றாலும், அதைத் தனித்தனியாக செய்து முடித்துவிடலாம். 
* **திருச்செட்டிப்புரம்**: தீர்த்த யாத்திரை என்பது மிகவும் நேர்மையான விருப்பம். ஆனால், அவர்கள் இதை நிச்சயமாக விரும்புகிறார்களா? 
* **போனஸின் அளவு**: போனஸின் அளவைப் பார்க்கும்போது, ​​எந்த ஒன்றையும் செய்யும் போது பணம் குறைவடைவதை கருத்தில் கொள்ள வேண்டும்.

கார்த்திக் தனது பெற்றோர்களுடன் பேசி, அவர்களின் விருப்பங்களைப் புரிந்து கொண்டு, அனைவருக்கும் திருப்தி அளிக்கும் ஒரு முடிவு எடுக்க வேண்டும்.",1 = Strongly: Give the parents the all-expenses-paid luxury holiday abroad,3 = Neutral / balanced compromise,5 = Strongly: Spend on a pilgrimage and health checkups instead,3,3,"Talk to parents first; foreign trip and separate health checks presented as workable, pilgrimage as sincere but uncertain. Non-committal overall. Contains a garbled/hallucinated place name."
